5003.5888787952945,5,77,0
5725.077176121928,5,71,0
7633.041838579431,5,66,0
907.8417394792714,5,62,0
9637.186499548287,5,54,0
4636.957054333681,5,48,0
3069.60310856204,5,41,0
480.7536464632094,5,32,0
5393.92887939626,5,30,0
962.0685749879458,5,23,0
5083.893714103431,5,20,0
911.6552464818385,5,12,0
9909.765971449104,5,10,0
5739.0815433100925,5,7,0
1302.9647691798702,5,0,0
8959.619675641012,4,135,0
7341.5976906467895,4,129,0
3683.4268417585395,4,128,0
6265.696242040843,4,123,0
2880.6911792809296,4,115,0
5104.555708971154,4,113,0
5894.754524936991,4,108,0
8157.720640086721,4,100,0
1676.3827703484574,4,98,0
4566.385770068084,4,89,0
6921.688943984395,4,82,0
502.428874761195,4,75,0
2161.037641928869,4,71,0
1058.7761660002645,4,65,0
3280.108042960832,4,64,0
9248.575466042957,4,56,0
626.9767224933141,4,49,0
5093.809322720981,4,43,0
4554.792630660656,4,37,0
8792.312355868153,4,29,0
1884.8572898359234,4,23,0
6848.569472337164,4,18,0
5026.354268209686,4,8,0
9626.636565719693,4,0,0
6083.990058685771,3,143,0
8031.238381985861,3,136,0
4099.689978603219,3,134,0
4105.454227863267,3,124,0
7625.357561029573,3,114,0
1294.6282357972113,3,104,0
648.881768632809,3,101,0
9211.73706481541,3,100,0
1173.5210235505538,3,90,0
8404.291907487777,3,80,0
6278.808773910149,3,74,0
5003.824919297742,3,72,0
9003.627472768318,3,68,0
1287.7305713166022,3,59,0
4297.4677067944485,3,58,0
9136.552279056184,3,50,0
3834.415689087425,3,40,0
2920.241625873473,3,36,0
7357.216673558854,3,27,0
1155.6578836864774,3,19,0
2468.1998137564806,3,13,0
8922.708247591885,3,6,0
4257.643895495698,3,0,0
6840.616228826554,2,91,0
5790.084520250385,2,89,0
7932.435069338955,2,87,0
2356.76887619524,2,80,0
6194.624215575605,2,78,0
2254.7686942172973,2,76,0
2313.631882753541,2,69,0
2833.7902243075496,2,64,0
5080.1461610718425,2,56,0
1965.6229402696674,2,48,0
1267.7286143912013,2,44,0
9810.430669332824,2,39,0
4371.5256858975035,2,29,0
6586.924937109967,2,22,0
4947.578181379801,2,16,0
3043.7325762812493,2,15,0
5374.47024547155,2,14,0
7224.715475326597,2,7,0
817.5234306027227,2,0,0
7524.173311221789,1,78,0
327.58779692682333,1,76,0
3749.963775522832,1,69,0
9111.451467703806,1,63,0
2898.935673190952,1,55,0
823.9246352601352,1,46,0
7689.801276496556,1,41,0
2381.0288006042933,1,39,0
1256.7225915080153,1,38,0
4610.7257055307455,1,37,0
974.9722517773953,1,30,0
6145.333547615744,1,28,0
366.85729162433114,1,19,0
3382.8589794493255,1,14,0
1553.8334902952315,1,11,0
2959.9580529940513,1,6,0
4626.995844686302,1,0,0
8905.580694546348,0,105,0
4707.664565606219,0,98,0
9511.37199768713,0,90,0
9516.850437425228,0,87,0
4824.63147382989,0,84,0
4443.674243627467,0,82,0
4209.8968828524485,0,81,0
3651.028186368059,0,80,0
607.493171269963,0,76,0
9953.498194613116,0,66,0
3404.0248176573323,0,59,0
1531.5248730614028,0,55,0
5668.044478367838,0,47,0
9974.791791624913,0,46,0
848.3058658578904,0,43,0
1368.262110327593,0,36,0
690.7759485123461,0,28,0
5090.687562280129,0,25,0
1941.8989403292549,0,24,0
1355.6086365953456,0,23,0
7160.055179755831,0,17,0
3499.780337522424,0,9,0
3268.9390501942844,0,4,0
3588.565305355181,0,0,0
9121.71891999771,5,864104,1
9084.755337075612,5,864101,1
5183.597141305345,5,864095,1
1880.93771861919,5,864085,1
4255.7961796952895,5,864078,1
3084.2778956878983,5,864069,1
2052.2119994220657,5,864060,1
5021.070138450377,5,864059,1
4081.342452542582,5,864055,1
1081.7634362828715,5,864049,1
4527.933499779054,5,864046,1
8231.852847039005,5,864044,1
9987.809718809354,5,864037,1
1461.3400893590067,5,864027,1
2642.309662062446,5,864020,1
793.0152244104828,5,864010,1
3614.4534544183402,5,864001,1
2064.177148011267,5,864000,1
424.2190174086601,4,864095,1
4164.179323826471,4,864086,1
8431.527336588051,4,864079,1
4342.380110435817,4,864072,1
1348.9752597161496,4,864067,1
8103.218288009673,4,864061,1
4951.079786533332,4,864057,1
5181.30278107968,4,864056,1
1828.756100503111,4,864054,1
669.7500650107256,4,864052,1
1246.4615742977817,4,864047,1
1462.6036200710914,4,864043,1
6740.944161409023,4,864038,1
7366.209534690611,4,864037,1
1399.3237195505858,4,864034,1
6109.551652312295,4,864029,1
5355.85892392713,4,864025,1
238.74791728900595,4,864020,1
217.51320508813495,4,864016,1
919.7953681347651,4,864006,1
1804.877747086606,4,864002,1
5485.299840165654,4,864000,1
1505.7657721627954,3,864132,1
3843.061301031764,3,864125,1
3379.5158027915268,3,864124,1
9768.891900190827,3,864119,1
4664.695008035134,3,864115,1
1764.8419101577285,3,864112,1
341.50324585072406,3,864109,1
4293.073391594857,3,864101,1
7604.197388339832,3,864094,1
6062.053773362803,3,864090,1
7280.366853205851,3,864084,1
6125.317053211549,3,864077,1
946.9659149809231,3,864071,1
6847.493913224042,3,864062,1
3261.905226189687,3,864053,1
1850.4342403233609,3,864043,1
9920.854851590317,3,864038,1
1021.677885464611,3,864034,1
3178.5803439801416,3,864031,1
3246.6360935223647,3,864025,1
7776.692055859905,3,864018,1
7621.883052266906,3,864012,1
5133.935869615712,3,864006,1
3520.6033272507757,3,864000,1
332.4547544371837,2,864083,1
9992.771534441594,2,864075,1
87.00411287483283,2,864071,1
8941.034843832034,2,864065,1
4958.01533583387,2,864058,1
843.5915380889024,2,864055,1
6445.869729316784,2,864048,1
4046.8912457521055,2,864042,1
1640.8402357795417,2,864035,1
2218.57158689706,2,864025,1
2731.7564463903364,2,864017,1
1193.3955023210735,2,864012,1
1938.3117553561929,2,864007,1
9691.934843687583,2,864005,1
4984.437806916215,2,864000,1
7377.3086537841355,1,864076,1
8263.337169105851,1,864074,1
8163.870353067303,1,864071,1
5417.654426717445,1,864063,1
6387.107945542414,1,864061,1
9919.00982937715,1,864052,1
7139.9835717643955,1,864050,1
5403.349670525966,1,864042,1
497.2817804201998,1,864034,1
1327.8136717193643,1,864027,1
9249.406189308997,1,864019,1
1735.3445534832067,1,864014,1
462.17289445011636,1,864009,1
4590.927375041145,1,864000,1
5817.3976799731545,0,864078,1
8004.380760283769,0,864069,1
636.1536863892605,0,864062,1
8013.184817641185,0,864054,1
7190.806180825454,0,864044,1
5200.849154243666,0,864043,1
4461.1115705185875,0,864036,1
134.52539199924948,0,864035,1
4519.916493740293,0,864031,1
7015.133687823773,0,864022,1
7317.386695843188,0,864016,1
7757.260417849399,0,864012,1
4209.398571435096,0,864006,1
3798.6619760920726,0,864003,1
1758.708596967626,0,864000,1
8856.03707853544,5,1728101,2
8288.246077327623,5,1728092,2
7165.626546472682,5,1728084,2
6842.784529135244,5,1728076,2
7028.7372305020135,5,1728071,2
3029.8902261459043,5,1728069,2
4102.172389829013,5,1728060,2
7228.035286546964,5,1728050,2
7265.230784634355,5,1728042,2
9278.360469039479,5,1728033,2
9624.240249250683,5,1728029,2
3096.193391129741,5,1728023,2
9844.735613976754,5,1728020,2
3227.813840843031,5,1728010,2
5290.402004359138,5,1728008,2
3159.4547563556052,5,1728000,2
8005.098220409282,4,1728082,2
14.973024656932322,4,1728080,2
5371.250267270031,4,1728071,2
6212.945035027138,4,1728068,2
6005.332787349041,4,1728059,2
308.75317068383697,4,1728057,2
1168.7626247705086,4,1728050,2
6567.014885379561,4,1728042,2
3855.275681599976,4,1728038,2
5810.492794282329,4,1728036,2
8613.483116251988,4,1728027,2
3417.8577010128984,4,1728019,2
596.7868411254717,4,1728017,2
3101.8362455168212,4,1728016,2
448.04065383440684,4,1728013,2
9306.383341717397,4,1728008,2
1642.8625461296865,4,1728007,2
5310.456548031432,4,1728003,2
9896.026549258713,4,1728000,2
7989.018225325561,3,1728135,2
2022.1731117384277,3,1728131,2
2927.9302733572463,3,1728127,2
6552.819497431336,3,1728126,2
6929.653075971963,3,1728118,2
9953.114265069782,3,1728110,2
7994.018490752551,3,1728108,2
5343.997624934531,3,1728106,2
3487.0568430561493,3,1728097,2
9034.560697718143,3,1728090,2
4930.303314898494,3,1728082,2
2212.098273019349,3,1728074,2
6573.229376366992,3,1728065,2
2540.1148736974915,3,1728064,2
7129.744423262331,3,1728063,2
9.080491582448978,3,1728053,2
3082.9405194284977,3,1728045,2
6865.818104025556,3,1728043,2
6632.664612245231,3,1728033,2
5628.443624580388,3,1728027,2
7744.3302457920045,3,1728020,2
6142.522167812103,3,1728010,2
6729.894793895032,3,1728000,2
8003.086063387504,2,1728099,2
1290.324126903922,2,1728096,2
1958.6034763369528,2,1728089,2
1539.6458987387025,2,1728079,2
816.9538087597593,2,1728076,2
4021.0905606026654,2,1728066,2
7847.065559080861,2,1728062,2
625.2441497481825,2,1728059,2
2791.3743635114174,2,1728054,2
3527.1962755488744,2,1728047,2
2293.198833446485,2,1728044,2
1084.122894006828,2,1728035,2
2334.8465658588025,2,1728027,2
1584.746496855976,2,1728021,2
3588.163641360721,2,1728020,2
3592.068491837382,2,1728018,2
4119.269906436925,2,1728017,2
8359.495837056276,2,1728014,2
2615.9112103040256,2,1728006,2
5306.411414550172,2,1728000,2
4893.001967106677,1,1728096,2
7381.412781618365,1,1728089,2
4011.0610567648487,1,1728082,2
7591.305099124906,1,1728075,2
5261.57726229513,1,1728070,2
1623.7120514814462,1,1728064,2
5856.779150505701,1,1728058,2
3859.429897284598,1,1728052,2
7911.875593159607,1,1728045,2
6299.812019487434,1,1728043,2
6264.462349255873,1,1728036,2
3595.6305163088896,1,1728029,2
8012.889481298911,1,1728021,2
6537.402143104389,1,1728013,2
2952.0111040858824,1,1728011,2
6786.4867768913855,1,1728008,2
780.535601371949,1,1728001,2
6881.8436623808875,1,1728000,2
1500.4992455198135,0,1728071,2
2105.5243121468316,0,1728066,2
3613.4437414167037,0,1728061,2
4481.554406793633,0,1728055,2
1809.881061644667,0,1728048,2
8679.531831083785,0,1728046,2
5842.882147092534,0,1728042,2
2915.0768591000406,0,1728037,2
6085.059294394628,0,1728036,2
3304.0464450332834,0,1728032,2
6731.05687916022,0,1728030,2
2928.937814319725,0,1728026,2
4504.377536693328,0,1728021,2
6784.0202731784,0,1728019,2
1175.766291129853,0,1728013,2
7391.234848950087,0,1728006,2
6202.075668512959,0,1728000,2
1791.3546223902003,5,2592105,3
457.6017184108908,5,2592100,3
5408.451047800503,5,2592096,3
4183.3599604484425,5,2592091,3
9565.313463729599,5,2592088,3
3035.6205260440315,5,2592080,3
8248.730979814634,5,2592078,3
3072.8814707233896,5,2592076,3
2940.296521896696,5,2592072,3
822.8789088543258,5,2592067,3
8660.552421126291,5,2592059,3
3061.149973884954,5,2592057,3
1424.9596294478715,5,2592056,3
8473.717520639819,5,2592049,3
1239.18197519536,5,2592041,3
4567.670778488195,5,2592034,3
659.977697377726,5,2592028,3
3751.6396931735826,5,2592024,3
8631.511840525982,5,2592017,3
2184.274337003018,5,2592008,3
1877.9826451191616,5,2592005,3
4799.026886326978,5,2592000,3
2276.370414517288,4,2592077,3
2280.8777509617057,4,2592073,3
2177.7520281826014,4,2592066,3
287.89671045070713,4,2592065,3
474.6438050834997,4,2592059,3
1404.797561114394,4,2592057,3
3610.2864773181864,4,2592050,3
3729.2900503224223,4,2592045,3
6806.2033699294425,4,2592038,3
9824.098925780692,4,2592031,3
1960.955883935193,4,2592028,3
1339.7512763648335,4,2592020,3
4070.6659399627433,4,2592013,3
5619.166806372936,4,2592008,3
7952.804552264454,4,2592007,3
4543.213085179401,4,2592000,3
1343.8184368731606,3,2592104,3
9867.786264313607,3,2592094,3
553.8143919679331,3,2592088,3
317.18115029047874,3,2592083,3
4202.153554715028,3,2592078,3
2471.300191589324,3,2592070,3
865.5949734196619,3,2592063,3
3070.808299038947,3,2592059,3
3935.3345961589916,3,2592056,3
7499.976339272347,3,2592053,3
7924.369869690728,3,2592044,3
4413.771317928085,3,2592036,3
4582.389610856298,3,2592032,3
5957.052058338516,3,2592029,3
142.85051495695967,3,2592019,3
82.00893035732364,3,2592015,3
4280.042028095707,3,2592009,3
4846.475026070736,3,2592008,3
5741.545561271936,3,2592004,3
54.955094286767945,3,2592000,3
5243.7153241056485,2,2592118,3
3566.825207304102,2,2592108,3
8372.284470684817,2,2592105,3
6678.987016072889,2,2592103,3
4886.6928582414575,2,2592095,3
1567.5720136247467,2,2592088,3
9031.536272000516,2,2592086,3
9014.863299100429,2,2592081,3
1529.215107142924,2,2592077,3
1841.1995292587774,2,2592074,3
2466.2640382962563,2,2592068,3
2237.3412092338276,2,2592060,3
4381.145893996576,2,2592052,3
7839.301230262493,2,2592048,3
5692.149947625824,2,2592047,3
4145.96302097216,2,2592045,3
4286.738281491537,2,2592041,3
4130.7575531175,2,2592032,3
4304.429260385016,2,2592029,3
8964.802298025355,2,2592022,3
568.2923299295155,2,2592013,3
3225.3177613601097,2,2592011,3
9909.603409075235,2,2592006,3
4698.585200980207,2,2592000,3
2498.6733397925077,1,2592104,3
1375.9517315533296,1,2592095,3
3059.8167010538245,1,2592091,3
3224.263180965718,1,2592082,3
3592.0702505333234,1,2592079,3
4824.402259573474,1,2592077,3
1022.922655488943,1,2592074,3
235.24296993517734,1,2592066,3
6369.375136048984,1,2592065,3
5323.067271780373,1,2592057,3
3413.6858744870224,1,2592055,3
2742.573930659762,1,2592051,3
100.83346751427558,1,2592049,3
4761.005017341722,1,2592041,3
2782.7414077411063,1,2592039,3
3014.3325123553896,1,2592036,3
4029.4412797156183,1,2592035,3
9937.861468192497,1,2592032,3
4876.64732343152,1,2592022,3
4414.9339179923545,1,2592018,3
7552.264383252394,1,2592015,3
9744.230786973525,1,2592006,3
5215.928537932938,1,2592000,3
2862.557108339339,0,2592092,3
383.3271421150849,0,2592084,3
1923.9469480670316,0,2592082,3
1191.8814526322947,0,2592072,3
1702.8832733312463,0,2592067,3
2146.0778732786525,0,2592063,3
4207.500210708835,0,2592058,3
4439.180454370352,0,2592052,3
4561.846992756595,0,2592047,3
4388.980604499766,0,2592042,3
742.2771141150514,0,2592032,3
279.9294356853094,0,2592028,3
9036.5660131013,0,2592020,3
8209.05300778042,0,2592011,3
1943.9940785240956,0,2592006,3
4410.740382227062,0,2592003,3
9457.150902197103,0,2592000,3
3096.421985758757,5,3456116,4
2025.7823743268236,5,3456109,4
8712.840190982542,5,3456099,4
1960.239195737478,5,3456089,4
8092.168866616872,5,3456080,4
1365.4650150411671,5,3456075,4
6556.765877395568,5,3456071,4
3935.3589123633883,5,3456068,4
2212.580905935237,5,3456063,4
2863.0341288192217,5,3456053,4
1113.8115405193128,5,3456048,4
6788.571957879113,5,3456042,4
3721.297719019549,5,3456034,4
3225.23247146383,5,3456032,4
2674.6610122209804,5,3456023,4
8689.044614155362,5,3456017,4
9540.626525071182,5,3456015,4
9665.600006200631,5,3456010,4
1134.935455568804,5,3456000,4
5405.02656173295,4,3456079,4
7510.633289947822,4,3456075,4
2953.079129227893,4,3456074,4
2075.3108147135754,4,3456072,4
853.2382990117782,4,3456071,4
9630.530738265827,4,3456069,4
7353.643698691868,4,3456062,4
5209.168955568529,4,3456057,4
9035.448511971083,4,3456047,4
8215.034722876504,4,3456038,4
8708.394993100568,4,3456034,4
2360.128548956225,4,3456026,4
706.1676348364085,4,3456017,4
6975.240981875522,4,3456011,4
3640.5901222503426,4,3456001,4
4629.309970887429,4,3456000,4
3955.695688623122,3,3456086,4
9912.405865399262,3,3456079,4
8087.196389198021,3,3456076,4
941.8508514913623,3,3456073,4
3978.4322568763764,3,3456065,4
1152.8617956777164,3,3456058,4
3981.701572064687,3,3456057,4
8432.464625729874,3,3456052,4
6573.4866117830325,3,3456048,4
4240.70213759158,3,3456040,4
4183.874403971699,3,3456034,4
8712.920683230714,3,3456033,4
6565.558055763092,3,3456031,4
5133.364091889901,3,3456023,4
5629.202043615697,3,3456021,4
3427.9327597027714,3,3456014,4
1087.2780610562913,3,3456011,4
8430.213017575852,3,3456005,4
3128.1429260497293,3,3456001,4
2300.715296814972,3,3456000,4
5239.907250276793,2,3456078,4
5288.941248181432,2,3456070,4
2396.7899074690713,2,3456069,4
634.8761379155844,2,3456061,4
8452.386403357377,2,3456053,4
6527.283316224569,2,3456045,4
2858.804982479397,2,3456044,4
7054.399667294576,2,3456042,4
7924.743487927837,2,3456040,4
1495.9841773179219,2,3456033,4
9069.17007119192,2,3456027,4
111.75182470235565,2,3456026,4
8426.616216514036,2,3456023,4
9045.699246326796,2,3456021,4
622.1708510942475,2,3456012,4
3569.5692844321275,2,3456011,4
2184.4683529483605,2,3456006,4
7137.506727108178,2,3456004,4
9535.836457752892,2,3456001,4
7480.886129709632,2,3456000,4
1975.3183949547736,1,3456135,4
6951.041870823784,1,3456128,4
7339.088158038098,1,3456125,4
8832.868314726022,1,3456120,4
6015.578835312953,1,3456119,4
5732.122199316594,1,3456112,4
4636.853047607266,1,3456108,4
6682.871916037787,1,3456101,4
8857.183001029149,1,3456096,4
7624.045556267162,1,3456093,4
6381.440262752934,1,3456085,4
4825.7063239326535,1,3456078,4
1324.6195391599158,1,3456068,4
2477.4654341132186,1,3456059,4
4430.126247334022,1,3456050,4
3148.5626631974,1,3456048,4
1187.7173276436395,1,3456041,4
5912.891446735675,1,3456032,4
9888.646967399516,1,3456025,4
2347.7029729488168,1,3456016,4
3145.1877975786874,1,3456012,4
1116.8085790060093,1,3456008,4
9963.815517306652,1,3456004,4
6376.672617333024,1,3456000,4
3251.0768087853075,0,3456086,4
9038.665939325581,0,3456076,4
483.62902704156517,0,3456068,4
357.6592918301689,0,3456061,4
9649.294588781851,0,3456055,4
484.0221898401424,0,3456052,4
8075.991339236977,0,3456045,4
7749.048019436339,0,3456038,4
4524.206622819407,0,3456030,4
2930.232994235552,0,3456029,4
4255.163605146454,0,3456028,4
2877.416575212367,0,3456027,4
6847.051996016091,0,3456017,4
5735.449820294074,0,3456014,4
3113.0322983445412,0,3456007,4
9980.903835880476,0,3456002,4
3419.470982618665,0,3456000,4
921.0057159367736,5,4320072,5
1356.2310103488633,5,4320062,5
1341.2011561342415,5,4320061,5
7017.782222704795,5,4320053,5
7272.003728516342,5,4320046,5
796.6838490719459,5,4320037,5
5068.555564667638,5,4320030,5
5645.237082787488,5,4320021,5
6512.723648067533,5,4320017,5
5255.694356381075,5,4320014,5
4608.55142653717,5,4320013,5
2726.3091916309327,5,4320010,5
7000.715999247583,5,4320005,5
1612.2796872070371,5,4320000,5
4125.147151415518,4,4320103,5
7492.622647550606,4,4320100,5
6597.828955611492,4,4320097,5
1654.4184426532715,4,4320089,5
7110.164887330499,4,4320083,5
3949.550798239561,4,4320080,5
9625.511641612165,4,4320072,5
92.42631589798155,4,4320066,5
3996.765282259452,4,4320064,5
8784.811694718235,4,4320057,5
7132.399916646966,4,4320051,5
6383.206428648496,4,4320045,5
8978.932576858564,4,4320044,5
2129.6923486421833,4,4320041,5
1085.3092532471546,4,4320036,5
1066.8128962591784,4,4320026,5
9738.608361312046,4,4320020,5
6674.101719940909,4,4320018,5
5233.988890010597,4,4320013,5
1861.758124842348,4,4320011,5
6439.903888449362,4,4320010,5
8631.598084070189,4,4320006,5
2340.759550066419,4,4320003,5
6040.71736350379,4,4320000,5
5885.834995301113,3,4320098,5
6464.693126169424,3,4320090,5
9739.216236175256,3,4320080,5
5927.161117520919,3,4320076,5
769.4938320826724,3,4320072,5
2014.0689725756902,3,4320065,5
7274.713742146554,3,4320058,5
650.1461205115311,3,4320057,5
8702.483353995041,3,4320053,5
7035.323359558232,3,4320051,5
1688.7942624936566,3,4320049,5
2623.57623419181,3,4320046,5
6493.623768120319,3,4320038,5
1770.4006124698174,3,4320028,5
4910.774496825061,3,4320025,5
8151.400924473567,3,4320023,5
934.898354203208,3,4320021,5
3847.224580322762,3,4320014,5
3676.8632106324,3,4320005,5
3502.063349866559,3,4320000,5
5916.36150608368,2,4320144,5
5278.328763601854,2,4320136,5
8210.887507783871,2,4320128,5
2456.3049111133223,2,4320119,5
5913.0335330542775,2,4320111,5
6451.006329705805,2,4320102,5
9998.300101405566,2,4320101,5
5993.778572108842,2,4320095,5
2321.094458694363,2,4320092,5
3407.9292598338307,2,4320090,5
7655.466402852117,2,4320080,5
1486.6030134062498,2,4320071,5
5349.0087400056855,2,4320068,5
409.64290471687895,2,4320061,5
2593.6097472958954,2,4320059,5
4365.225484036363,2,4320053,5
7946.563824124517,2,4320044,5
5804.670023441647,2,4320040,5
7138.607212162332,2,4320038,5
9388.37588475056,2,4320028,5
3673.8365999460934,2,4320021,5
1277.5305987755962,2,4320015,5
1447.800365038187,2,4320014,5
8015.498736983038,2,4320006,5
7476.832341909906,2,4320001,5
8206.868193326467,2,4320000,5
4626.801790787403,1,4320087,5
4534.162676957002,1,4320084,5
6347.844119996067,1,4320074,5
5191.684955624965,1,4320064,5
677.6863325233428,1,4320054,5
2765.1450206765758,1,4320048,5
5020.7608992355645,1,4320041,5
2345.9332120642584,1,4320033,5
2467.0508392545603,1,4320028,5
1219.4029384049006,1,4320023,5
1135.5211814171532,1,4320020,5
4352.995579632125,1,4320017,5
3403.508500401377,1,4320016,5
4337.159969707181,1,4320010,5
7055.171206569702,1,4320000,5
9876.67952830281,0,4320110,5
5001.105022481993,0,4320102,5
9499.526520871455,0,4320099,5
8326.404787856158,0,4320097,5
8374.07017644461,0,4320091,5
1439.521363335633,0,4320081,5
4050.429353838769,0,4320074,5
1147.2189259580175,0,4320067,5
3428.966064894585,0,4320057,5
5977.77207540746,0,4320048,5
811.8433018761692,0,4320040,5
1656.8471963270188,0,4320038,5
1561.739018293546,0,4320035,5
9297.277284128508,0,4320025,5
2206.2906153635295,0,4320017,5
9274.864170420362,0,4320011,5
5862.447192999962,0,4320006,5
7461.045634573869,0,4320003,5
3980.9791677500207,0,4320000,5
3916.7040366924293,5,5184062,6
7481.228618829054,5,5184058,6
834.7813346062256,5,5184055,6
6024.68952244666,5,5184053,6
2212.8871894285185,5,5184051,6
6396.183575109277,5,5184044,6
6329.391829193533,5,5184042,6
9869.79036365307,5,5184038,6
6121.266311820352,5,5184030,6
3737.1734395233184,5,5184023,6
314.7550161031391,5,5184022,6
7955.741597484398,5,5184018,6
6656.420062026663,5,5184014,6
5470.843889373404,5,5184006,6
6723.7356720556745,5,5184005,6
4556.141978617221,5,5184000,6
9554.738026207104,4,5184136,6
1689.0607254827182,4,5184134,6
6677.130788083853,4,5184129,6
1401.1711172906714,4,5184128,6
9169.02627808496,4,5184121,6
3114.0278535533403,4,5184115,6
4229.776041479401,4,5184114,6
9465.118203812757,4,5184109,6
3242.626872952534,4,5184101,6
3292.87123309831,4,5184099,6
4896.789095184646,4,5184090,6
8745.683403968244,4,5184083,6
8693.644785952212,4,5184080,6
7219.710882379854,4,5184070,6
7071.603596408947,4,5184068,6
5483.37310847305,4,5184063,6
4833.166854798613,4,5184053,6
7431.277324638611,4,5184049,6
5765.693777743181,4,5184044,6
294.9183399255739,4,5184034,6
5734.933874274122,4,5184030,6
7195.75390395981,4,5184021,6
9024.174484714102,4,5184011,6
5452.094541700373,4,5184008,6
6380.789920188073,4,5184007,6
6041.100345458549,4,5184000,6
1078.0785916410964,3,5184146,6
1733.6130241491176,3,5184137,6
1533.0955395189046,3,5184134,6
5260.5616832533515,3,5184128,6
6641.466064158843,3,5184118,6
6237.347899202325,3,5184108,6
9779.065155552848,3,5184100,6
9726.427970726345,3,5184098,6
8101.55049200116,3,5184088,6
2282.9433948599853,3,5184084,6
5301.957335622068,3,5184083,6
7960.574950702327,3,5184078,6
1068.0952260321485,3,5184072,6
4794.664444685292,3,5184069,6
5358.083674937986,3,5184064,6
8389.680911524285,3,5184057,6
1416.1682400730488,3,5184047,6
7121.370769150975,3,5184044,6
1858.7405218965528,3,5184034,6
688.9674076835806,3,5184033,6
6290.967190217117,3,5184032,6
6146.731931337687,3,5184022,6
4563.316642965885,3,5184012,6
860.8939231361215,3,5184007,6
7245.25044897453,3,5184000,6
1416.9394028928475,2,5184124,6
9540.465105719002,2,5184122,6
892.0883583220386,2,5184117,6
6978.482491617088,2,5184111,6
1446.113886096878,2,5184102,6
4466.138940606138,2,5184097,6
8087.83967192829,2,5184095,6
3708.02826473255,2,5184094,6
9725.194785645375,2,5184084,6
5292.031277085903,2,5184082,6
9619.686429438814,2,5184078,6
3921.8792644407313,2,5184070,6
3280.1062779827007,2,5184065,6
1494.3932198214875,2,5184059,6
4062.9909206570096,2,5184050,6
1500.9211432280654,2,5184044,6
7859.123929803676,2,5184036,6
9971.666436136149,2,5184027,6
4882.14050553461,2,5184024,6
8260.732643001733,2,5184018,6
6190.817714863271,2,5184017,6
5226.587945335059,2,5184016,6
1583.9392706906742,2,5184007,6
4882.410979955382,2,5184000,6
887.1458433985537,1,5184089,6
5992.8370235486755,1,5184081,6
5626.320348130334,1,5184074,6
263.6073158187222,1,5184067,6
2475.2570552363377,1,5184058,6
322.04565101879393,1,5184048,6
2628.622342526171,1,5184038,6
5269.235566407622,1,5184037,6
4443.409088278971,1,5184033,6
1783.9197220103479,1,5184028,6
1474.647639890665,1,5184024,6
2187.7145593977957,1,5184021,6
2202.590744007616,1,5184015,6
8566.042442553502,1,5184011,6
5192.323203958041,1,5184004,6
4913.159150628302,1,5184000,6
8582.276865511512,0,5184063,6
8110.132881455293,0,5184062,6
4706.81956492439,0,5184059,6
123.72509628359708,0,5184050,6
8444.436882036907,0,5184042,6
2821.4035141692307,0,5184041,6
4571.953327297452,0,5184040,6
3014.7562177112163,0,5184036,6
3171.668823308362,0,5184030,6
1038.454746296207,0,5184023,6
1680.553222283684,0,5184013,6
7617.87333205541,0,5184012,6
1789.4867624092785,0,5184008,6
3238.928162983058,0,5184000,6
1713.2525908451053,5,6048116,7
428.77877336748014,5,6048114,7
6747.235128361587,5,6048113,7
4994.408922943739,5,6048112,7
2251.1846088377233,5,6048104,7
2532.598724800207,5,6048097,7
6557.714367768447,5,6048092,7
533.2451129896012,5,6048082,7
1179.3785966888713,5,6048075,7
9738.104936576594,5,6048071,7
4949.433439640493,5,6048070,7
9596.93717468227,5,6048065,7
9899.887721864936,5,6048056,7
5871.556517449416,5,6048047,7
9095.778149217878,5,6048040,7
7646.988869313443,5,6048032,7
8381.992136458755,5,6048028,7
9754.899522569847,5,6048022,7
8523.38059260518,5,6048015,7
3519.195929297332,5,6048011,7
1164.152982812984,5,6048008,7
3531.4460053870334,5,6048000,7
3722.9022124034113,4,6048100,7
1171.274237004942,4,6048092,7
6945.3776854561565,4,6048086,7
1085.7999910276394,4,6048083,7
9122.572605653497,4,6048080,7
238.49490941716857,4,6048072,7
4857.442739937585,4,6048068,7
569.348556827402,4,6048060,7
3231.179443960808,4,6048059,7
8058.296075556635,4,6048058,7
342.7138883656644,4,6048056,7
4340.236698736185,4,6048052,7
2265.794453676585,4,6048049,7
4622.35353221385,4,6048041,7
4709.97561681008,4,6048034,7
3680.745874856552,4,6048025,7
2104.9760286336846,4,6048020,7
5515.75958984789,4,6048014,7
2799.7423683578436,4,6048007,7
4480.137463969874,4,6048005,7
2767.5818139511625,4,6048000,7
1323.4241019361841,3,6048116,7
6206.697116605875,3,6048107,7
5957.895933404561,3,6048104,7
9848.53888645178,3,6048095,7
7538.067556662432,3,6048092,7
6528.504181597858,3,6048085,7
6255.922121786251,3,6048077,7
9798.01413442185,3,6048073,7
7288.798629649088,3,6048065,7
487.07194868230175,3,6048064,7
4222.651355671105,3,6048056,7
3454.956624651588,3,6048052,7
65.51115549223434,3,6048043,7
5611.94775213399,3,6048038,7
2931.296913923199,3,6048037,7
4919.666783855237,3,6048035,7
468.02245160777846,3,6048029,7
6477.392935881096,3,6048022,7
4932.208229676355,3,6048020,7
885.0759975409386,3,6048014,7
4950.211585580946,3,6048011,7
3085.045794435099,3,6048008,7
8512.497758132675,3,6048000,7
2420.237915430537,2,6048096,7
6077.381901073127,2,6048087,7
8959.445806013426,2,6048080,7
4794.0302861153805,2,6048076,7
5084.8731435007785,2,6048066,7
7676.854036584866,2,6048056,7
771.2725442787862,2,6048046,7
8395.649703193038,2,6048040,7
4124.485312732419,2,6048032,7
8186.502318691406,2,6048022,7
3348.709041594411,2,6048018,7
2278.2910505816126,2,6048014,7
8361.9507456106,2,6048011,7
3887.102608625305,2,6048008,7
5691.556303567874,2,6048000,7
7198.836049843166,1,6048090,7
3553.8249778760132,1,6048082,7
9917.499351925344,1,6048078,7
7818.23284708436,1,6048077,7
9472.207760176776,1,6048068,7
8920.712805911538,1,6048063,7
8213.292354606594,1,6048057,7
482.32262409751553,1,6048053,7
9313.908071414851,1,6048047,7
1905.563005926575,1,6048042,7
3136.057171482668,1,6048033,7
4658.298887932339,1,6048029,7
8161.220565065292,1,6048025,7
1268.900907645128,1,6048024,7
8617.763168760852,1,6048016,7
1186.0189896581958,1,6048007,7
714.9449165649987,1,6048001,7
337.2272808021653,1,6048000,7
2423.1633741416845,0,6048104,7
5139.291118335816,0,6048099,7
2721.856565977458,0,6048097,7
7300.696290515361,0,6048092,7
1525.2860110164688,0,6048084,7
2949.805059668329,0,6048076,7
4031.6418792393424,0,6048072,7
6253.458142060699,0,6048063,7
6331.26194953187,0,6048058,7
2719.4209716430078,0,6048055,7
8589.59431896824,0,6048052,7
8052.90829445988,0,6048043,7
9307.72437494446,0,6048033,7
8085.085960131418,0,6048024,7
5674.366613753164,0,6048023,7
3232.3567032371743,0,6048019,7
6644.589607561918,0,6048012,7
5535.909058643917,0,6048006,7
1568.1178174565314,0,6048000,7
8391.584240150512,5,6912079,8
7299.872819436987,5,6912070,8
3130.267163585534,5,6912069,8
8931.281706122376,5,6912060,8
669.7509638471175,5,6912052,8
413.5818945886522,5,6912051,8
832.4504002173979,5,6912042,8
243.32585977517172,5,6912036,8
2682.1048790315185,5,6912033,8
5550.489285395044,5,6912025,8
1010.2054976933239,5,6912021,8
1092.6677347722039,5,6912018,8
3474.9968470133276,5,6912011,8
7402.526352122227,5,6912007,8
8263.929116069712,5,6912001,8
6720.482498214238,5,6912000,8
6631.4065771348405,4,6912135,8
2852.199266189851,4,6912125,8
6185.803847465852,4,6912119,8
6111.644880383908,4,6912115,8
8037.4093758219005,4,6912113,8
6755.065910319434,4,6912107,8
6236.388050005576,4,6912101,8
733.2581928361637,4,6912091,8
1354.9115427885379,4,6912082,8
7404.523658986655,4,6912075,8
2148.907684912788,4,6912067,8
2016.6536399836573,4,6912065,8
6003.205321911817,4,6912061,8
2862.9216607843464,4,6912060,8
4652.990918329219,4,6912052,8
6162.868958053117,4,6912042,8
850.8252290747371,4,6912037,8
3796.0776772779545,4,6912032,8
2783.004338956841,4,6912026,8
1468.1077181556868,4,6912023,8
62.72510041345524,4,6912017,8
8781.313813739034,4,6912013,8
4788.129763077753,4,6912009,8
657.1603745154858,4,6912001,8
1342.6375616796613,4,6912000,8
5689.890644732071,3,6912112,8
8881.229197417812,3,6912106,8
410.65574765981484,3,6912097,8
5080.1694799217075,3,6912096,8
5013.636567075647,3,6912090,8
1667.1554367332496,3,6912088,8
5769.308665529627,3,6912085,8
2816.485303404972,3,6912076,8
1353.077069026239,3,6912070,8
5567.610691002165,3,6912062,8
8234.33569653486,3,6912060,8
2434.529225330309,3,6912052,8
128.47008013716822,3,6912051,8
1384.276194240486,3,6912048,8
1445.0516057612244,3,6912041,8
8192.116134144479,3,6912037,8
1419.7988107726449,3,6912030,8
9542.088733060134,3,6912020,8
2227.893280531705,3,6912015,8
8662.48309078147,3,6912009,8
7714.628140696903,3,6912007,8
4098.93433252142,3,6912000,8
4047.972392645126,2,6912111,8
3615.7557738760306,2,6912101,8
8953.849347477078,2,6912092,8
5783.501068165863,2,6912085,8
8462.644916456658,2,6912077,8
5880.075784577141,2,6912076,8
9497.502736635975,2,6912073,8
7060.37168553391,2,6912065,8
4341.308486894947,2,6912064,8
4501.561279749222,2,6912054,8
7054.564487927698,2,6912053,8
4887.883175163018,2,6912048,8
4974.207579877377,2,6912046,8
8829.956704851884,2,6912042,8
4483.175504201423,2,6912038,8
874.536325912364,2,6912037,8
3714.439432773201,2,6912036,8
4294.663849455345,2,6912028,8
6516.359570753615,2,6912023,8
5157.097546950662,2,6912022,8
3085.5749383176294,2,6912013,8
2713.159830229224,2,6912009,8
7301.81874378267,2,6912008,8
2069.6096506786753,2,6912006,8
6952.402583561994,2,6912004,8
454.711658319962,2,6912000,8
8631.857579761807,1,6912099,8
4790.213803492038,1,6912094,8
4829.014190661241,1,6912085,8
7019.360588879129,1,6912080,8
5928.032141416611,1,6912078,8
9798.170396010424,1,6912077,8
1114.6447514341885,1,6912074,8
7149.835855991252,1,6912073,8
7136.941282472191,1,6912063,8
7093.688319075522,1,6912062,8
770.0219100067638,1,6912055,8
831.8814635403204,1,6912050,8
525.1600946072548,1,6912042,8
3133.935756038103,1,6912038,8
1332.3121454221823,1,6912035,8
7380.4467453779025,1,6912033,8
9185.678351624134,1,6912030,8
1869.7802616189388,1,6912029,8
2476.0912723825913,1,6912028,8
1679.2693594494579,1,6912023,8
6306.318581322681,1,6912021,8
248.62478532696935,1,6912018,8
9330.304835860512,1,6912014,8
6790.4836561735,1,6912007,8
8258.353079209606,1,6912000,8
6504.009636599099,0,6912099,8
1266.997954985776,0,6912096,8
6180.26708415812,0,6912091,8
1474.8877433404662,0,6912089,8
4960.655488796215,0,6912079,8
5852.802962822708,0,6912075,8
1412.3263667208093,0,6912074,8
9044.243770663077,0,6912070,8
7738.818204103809,0,6912061,8
3592.0378211133566,0,6912054,8
6151.1355852934175,0,6912051,8
7338.207107143319,0,6912050,8
1657.3378118068485,0,6912044,8
3334.139144923617,0,6912041,8
5781.185209555769,0,6912034,8
5143.689245630196,0,6912031,8
3208.46204685548,0,6912029,8
2135.207423401506,0,6912021,8
9898.38820751272,0,6912013,8
5043.959962501181,0,6912011,8
1279.1009173915756,0,6912007,8
2298.232404074734,0,6912000,8
2035.6774166760829,5,7776102,9
8448.842448318857,5,7776096,9
515.1992721284278,5,7776086,9
680.2681809459482,5,7776076,9
5265.933756402418,5,7776075,9
9155.557390802946,5,7776074,9
6730.721638772369,5,7776072,9
9176.564019477322,5,7776070,9
9451.884140951819,5,7776067,9
4112.871285018195,5,7776060,9
1651.346614439048,5,7776057,9
1640.7690918781514,5,7776050,9
5383.622599776485,5,7776049,9
9227.865960488129,5,7776039,9
3117.387418344692,5,7776029,9
1446.9281941565837,5,7776020,9
7372.344270988735,5,7776016,9
7690.404171291836,5,7776011,9
1976.03843156341,5,7776010,9
1343.3934594316597,5,7776000,9
1453.4996791726796,4,7776079,9
8936.003522662237,4,7776077,9
5600.673092014052,4,7776067,9
8613.381907114035,4,7776062,9
2963.7068175477148,4,7776054,9
2911.17030941815,4,7776052,9
7894.455009782375,4,7776049,9
480.632112367914,4,7776040,9
1172.0088877765468,4,7776034,9
1344.2502876858912,4,7776026,9
5791.733109197415,4,7776025,9
9268.457951340919,4,7776018,9
4631.276111931348,4,7776016,9
4898.281173160222,4,7776010,9
3052.5673089886964,4,7776008,9
5480.126543153038,4,7776003,9
4266.966259736469,4,7776000,9
7787.107974389108,3,7776088,9
8682.421331195192,3,7776083,9
2149.956749191246,3,7776075,9
8797.733271602108,3,7776068,9
8950.472561419903,3,7776059,9
4111.189151901634,3,7776051,9
7505.971288184959,3,7776045,9
9500.730524055045,3,7776041,9
8750.626638739195,3,7776038,9
9361.029774128698,3,7776036,9
4766.2052699758215,3,7776032,9
3741.8516754903853,3,7776028,9
4755.837771916116,3,7776023,9
6658.8178712719655,3,7776021,9
5343.020247877447,3,7776011,9
1653.2881267741832,3,7776006,9
8629.008953158987,3,7776000,9
8670.848925857978,2,7776092,9
2825.5889016765727,2,7776086,9
7820.1009015792515,2,7776076,9
1353.268896940201,2,7776072,9
6096.719263520455,2,7776063,9
2527.168213579891,2,7776056,9
6000.404013974047,2,7776051,9
6197.975845658412,2,7776041,9
9159.933508713097,2,7776031,9
1716.703876225012,2,7776024,9
90.61649295394469,2,7776022,9
4963.561353736015,2,7776016,9
5658.784935224885,2,7776014,9
6388.5179354273005,2,7776012,9
9964.474871059374,2,7776007,9
2638.825723125056,2,7776000,9
5857.167142452639,1,7776072,9
5747.89299262117,1,7776068,9
996.4854958788386,1,7776064,9
3712.8218050692876,1,7776058,9
3907.108468857382,1,7776049,9
6420.63897412813,1,7776044,9
6250.205646260203,1,7776043,9
1740.856885147419,1,7776041,9
2031.7411291289914,1,7776033,9
7788.046318243087,1,7776031,9
4255.068852473388,1,7776030,9
7522.886431550058,1,7776025,9
3053.450633299344,1,7776024,9
9578.283522776619,1,7776022,9
4056.2781428242984,1,7776012,9
4041.9361329534854,1,7776007,9
8776.780515851442,1,7776001,9
1456.9768348292491,1,7776000,9
7383.654065578487,0,7776116,9
4539.9866334718645,0,7776114,9
207.95616896706102,0,7776107,9
66.6521010868799,0,7776102,9
627.7435512421613,0,7776092,9
487.24945938435957,0,7776086,9
6827.5843314280555,0,7776083,9
1747.567275527912,0,7776078,9
6350.905524639624,0,7776072,9
4015.4182022664004,0,7776062,9
2385.1457664743875,0,7776056,9
5515.691124754318,0,7776053,9
3936.9120479617386,0,7776050,9
5887.958974743267,0,7776045,9
2036.0122440562275,0,7776039,9
4672.0810905436665,0,7776038,9
6408.1644432264675,0,7776028,9
7324.375076766902,0,7776025,9
5457.092384107717,0,7776020,9
9274.524618515945,0,7776019,9
4672.249061760783,0,7776011,9
7387.935384426909,0,7776008,9
7986.062694157553,0,7776004,9
4861.557790639558,0,7776003,9
7805.935799300195,0,7776000,9
1596.0503372465716,5,8640117,10
2477.4776856852204,5,8640109,10
6302.326148958525,5,8640104,10
3521.3035132469618,5,8640094,10
4658.740608720394,5,8640085,10
4679.189694776012,5,8640084,10
2206.059094783175,5,8640074,10
5618.382983187604,5,8640067,10
6902.510172538581,5,8640060,10
3156.603884633236,5,8640054,10
4811.595118608672,5,8640049,10
9293.145961018798,5,8640046,10
8966.551897293239,5,8640042,10
6290.34417559816,5,8640034,10
5073.621271457329,5,8640032,10
9164.57900756894,5,8640031,10
2135.3151994500113,5,8640029,10
1276.910743100905,5,8640024,10
2187.2264176131757,5,8640019,10
5584.107198167123,5,8640015,10
7740.584018891339,5,8640013,10
4567.913740826431,5,8640005,10
599.6825931167848,5,8640000,10
7053.957243442861,4,8640078,10
4710.506833681928,4,8640068,10
3077.257891753851,4,8640063,10
8916.99849315751,4,8640056,10
9769.393143266432,4,8640050,10
4589.518068349586,4,8640047,10
2752.498261662458,4,8640043,10
3489.5395565508234,4,8640036,10
9068.806580372759,4,8640028,10
9378.22429345213,4,8640025,10
8488.530537545792,4,8640017,10
4490.489763727128,4,8640012,10
3088.798745519044,4,8640003,10
7853.986714671526,4,8640000,10
2703.0190191162933,3,8640078,10
1636.0599237098968,3,8640077,10
3751.9539696849483,3,8640073,10
8611.716842051212,3,8640063,10
1482.205000711273,3,8640062,10
4441.42348956554,3,8640054,10
3760.4977179525245,3,8640051,10
8090.275972357774,3,8640044,10
5891.463446614654,3,8640040,10
3833.3276073971365,3,8640032,10
5138.383045091259,3,8640026,10
9503.175507305008,3,8640016,10
2499.4805197176615,3,8640009,10
7041.7341191329215,3,8640000,10
8419.959891630044,2,8640073,10
5811.755279742688,2,8640070,10
7638.465404838606,2,8640064,10
4064.0965913116306,2,8640062,10
6995.678322789775,2,8640059,10
9677.735978810575,2,8640055,10
5143.5462394720735,2,8640048,10
3229.8602498877976,2,8640045,10
9411.602715882995,2,8640043,10
3460.087797342538,2,8640042,10
7678.324387945118,2,8640040,10
2435.4253166377725,2,8640030,10
822.2717281045489,2,8640021,10
1563.4544975302338,2,8640017,10
4643.489392421552,2,8640011,10
4042.5380953364056,2,8640010,10
5304.374018734959,2,8640000,10
1071.655793938764,1,8640074,10
4747.650102411665,1,8640072,10
940.6169222803626,1,8640064,10
5633.692999990542,1,8640060,10
6273.811507483422,1,8640054,10
7046.635792592946,1,8640053,10
2261.6833823347283,1,8640045,10
9302.345880893878,1,8640044,10
6383.625276206724,1,8640038,10
7571.138712842804,1,8640033,10
1798.6599764767732,1,8640024,10
962.8270178688632,1,8640018,10
8704.674977746356,1,8640014,10
9406.483244194567,1,8640010,10
7978.35176599289,1,8640003,10
3526.064878550734,1,8640000,10
2134.7414763491674,0,8640098,10
4145.798472136205,0,8640090,10
73.8260904493073,0,8640088,10
5020.226271567765,0,8640079,10
775.6172153700123,0,8640071,10
9784.357103082133,0,8640070,10
4676.025967727055,0,8640060,10
7767.065786879273,0,8640058,10
4305.3719534925285,0,8640051,10
7628.60656322447,0,8640045,10
825.6750455979452,0,8640038,10
6799.538002887421,0,8640030,10
8754.360436196988,0,8640024,10
5169.932177836404,0,8640016,10
4288.629198864178,0,8640015,10
7271.634173012716,0,8640011,10
3291.0053535409197,0,8640007,10
9815.744588869078,0,8640000,10
1865.1874770160514,5,9504113,11
9350.457796504688,5,9504107,11
2938.336744285294,5,9504097,11
2189.445971731033,5,9504093,11
1747.955609449411,5,9504089,11
7846.729673087356,5,9504086,11
6892.600256006748,5,9504077,11
2486.9204437260155,5,9504076,11
8673.75703415902,5,9504069,11
3890.928192020501,5,9504062,11
7098.2652162129225,5,9504054,11
7659.524146010425,5,9504049,11
5155.090835593213,5,9504043,11
8427.393150013304,5,9504036,11
2006.618643704231,5,9504028,11
5239.818895292816,5,9504019,11
7119.650303929438,5,9504015,11
4845.0418698475205,5,9504013,11
1028.8536918310197,5,9504010,11
537.0206536622474,5,9504004,11
1573.670038608811,5,9504000,11
8115.144772477747,4,9504121,11
3488.8917358035806,4,9504118,11
1614.7705844329184,4,9504112,11
5676.602563637298,4,9504104,11
4034.2483819881854,4,9504101,11
7235.780658762157,4,9504095,11
5962.310994499347,4,9504086,11
2959.8082392470724,4,9504082,11
9207.327609395086,4,9504081,11
2601.697287326105,4,9504077,11
832.0846829252541,4,9504068,11
579.1980829549216,4,9504067,11
6371.538312131392,4,9504062,11
9062.567070660356,4,9504056,11
6230.336266405047,4,9504051,11
4578.16814450811,4,9504041,11
1092.992981319527,4,9504036,11
4516.625057368525,4,9504032,11
2699.767594908361,4,9504025,11
5580.0032277342525,4,9504021,11
8464.021770730722,4,9504012,11
8326.178384139672,4,9504011,11
3795.8870449969168,4,9504006,11
7949.517176365327,4,9504000,11
6786.970661498333,3,9504118,11
5384.487316970763,3,9504110,11
3594.7001506686615,3,9504105,11
168.43860199181898,3,9504099,11
8527.894716034878,3,9504091,11
6657.420673784278,3,9504081,11
6316.187498941556,3,9504078,11
2666.676941239447,3,9504071,11
3384.2996875478475,3,9504070,11
5697.186105880517,3,9504068,11
8465.76782498044,3,9504058,11
7640.215015719805,3,9504049,11
7401.703413084175,3,9504040,11
5203.239477128447,3,9504036,11
935.8297132050703,3,9504028,11
8999.477528933463,3,9504026,11
612.5291752130754,3,9504023,11
574.9444305328784,3,9504021,11
1916.3315646930855,3,9504016,11
8276.881214326475,3,9504013,11
4619.242647123522,3,9504004,11
4184.390669808912,3,9504000,11
7165.119262585042,2,9504117,11
287.9908810699723,2,9504108,11
2165.676860379075,2,9504103,11
7988.7334192696735,2,9504100,11
5282.0480725868565,2,9504092,11
4358.810784038432,2,9504087,11
4492.572995503801,2,9504077,11
6086.692379302,2,9504069,11
6291.4511641386325,2,9504060,11
7666.354877671245,2,9504053,11
5934.576059307511,2,9504050,11
1765.2369503950197,2,9504042,11
9514.958713028294,2,9504041,11
7739.231144600131,2,9504036,11
2566.877347857099,2,9504028,11
9691.359405278328,2,9504024,11
6891.314081365119,2,9504016,11
5294.234107832396,2,9504012,11
4680.898764084149,2,9504009,11
9242.782610842782,2,9504000,11
7188.2975489367345,1,9504116,11
3028.48972454455,1,9504108,11
7578.367355167619,1,9504101,11
9928.16965020619,1,9504095,11
3070.616194431733,1,9504092,11
8829.588777759698,1,9504088,11
804.9834838826607,1,9504080,11
9023.15115876531,1,9504072,11
8151.341817165465,1,9504066,11
3293.2682431280227,1,9504056,11
6041.601296067503,1,9504051,11
1305.6982171274815,1,9504041,11
490.4995258521171,1,9504040,11
4850.032793940385,1,9504039,11
4163.5736385791515,1,9504036,11
9764.845567946808,1,9504030,11
4189.8589947201635,1,9504028,11
8606.574125356097,1,9504018,11
5124.036778071369,1,9504011,11
3147.8557534756887,1,9504001,11
1353.8422839023945,1,9504000,11
6291.016538919834,0,9504149,11
6910.057300312403,0,9504139,11
2075.5095503995217,0,9504129,11
2353.1940869049813,0,9504127,11
1314.23966406998,0,9504125,11
8993.939196521853,0,9504118,11
722.5755437891388,0,9504117,11
6061.781698395303,0,9504110,11
1172.8956660654871,0,9504107,11
446.43880312120825,0,9504098,11
552.7843035520825,0,9504090,11
6377.719492826925,0,9504080,11
6836.189047617757,0,9504076,11
8616.067818877636,0,9504068,11
4700.581366025089,0,9504061,11
9155.530971561817,0,9504058,11
21.246688021592593,0,9504049,11
3449.3980598536173,0,9504048,11
828.9429089816125,0,9504038,11
8648.847024328881,0,9504033,11
9606.684518658289,0,9504024,11
7854.947501197223,0,9504014,11
7806.04030113061,0,9504006,11
198.6028725479096,0,9504000,11
7552.763889890409,5,10368100,12
7668.179064677453,5,10368094,12
6577.268671586121,5,10368092,12
6472.93880479144,5,10368087,12
4836.3916506171545,5,10368078,12
8188.307787699063,5,10368072,12
3395.683997663119,5,10368062,12
2227.969276216944,5,10368059,12
2581.4141691486493,5,10368054,12
6835.857822551388,5,10368051,12
4957.492081445264,5,10368042,12
5145.639557319174,5,10368041,12
1495.7683338161817,5,10368038,12
3276.021542257342,5,10368036,12
1423.4650576437496,5,10368032,12
8882.64476763362,5,10368028,12
3345.818748667345,5,10368023,12
9474.838569461903,5,10368017,12
3381.7231895428877,5,10368009,12
977.87862270054,5,10368007,12
4348.74998406796,5,10368001,12
3724.227773456603,5,10368000,12
2707.7190591012695,4,10368110,12
5592.424255500639,4,10368109,12
7112.214221392809,4,10368103,12
1227.147630347276,4,10368094,12
7847.025121662615,4,10368086,12
5904.696631723561,4,10368078,12
370.12215884540416,4,10368074,12
6210.820254104755,4,10368072,12
6327.892775108126,4,10368067,12
7696.410569557522,4,10368058,12
5968.607605189356,4,10368051,12
929.6500197519181,4,10368049,12
8646.274141542033,4,10368043,12
6874.9957957433235,4,10368034,12
3956.6883634068813,4,10368030,12
5990.010846239144,4,10368022,12
4073.4605929209515,4,10368012,12
5686.013930237639,4,10368006,12
6768.047745398177,4,10368002,12
8184.4011597555755,4,10368000,12
3111.708419449824,3,10368134,12
8501.876814515379,3,10368133,12
6909.308455133131,3,10368127,12
8475.165445506618,3,10368124,12
9678.614393752665,3,10368117,12
6989.307623739401,3,10368107,12
3940.5154028746692,3,10368104,12
4729.292381184309,3,10368102,12
6903.1231433208695,3,10368100,12
4454.779345865097,3,10368091,12
3386.662234044706,3,10368087,12
226.8762065368677,3,10368078,12
7065.295791364806,3,10368070,12
4255.760399295757,3,10368067,12
405.94117900869156,3,10368059,12
7133.794863270245,3,10368049,12
2066.1432181647983,3,10368042,12
6885.417759952107,3,10368034,12
62.82779609630631,3,10368028,12
2233.5120888178403,3,10368025,12
7942.342415823133,3,10368021,12
5926.483058615973,3,10368011,12
1121.7403276749008,3,10368010,12
9502.737196928416,3,10368000,12
7489.422183051467,2,10368149,12
5285.89240666407,2,10368147,12
2031.6417498688159,2,10368138,12
9477.1805115606,2,10368128,12
5484.048316803371,2,10368119,12
9786.573086698276,2,10368117,12
7979.7203717895645,2,10368113,12
1213.4005041250884,2,10368105,12
5610.026683338562,2,10368096,12
627.453771867572,2,10368086,12
9989.485255283902,2,10368076,12
6019.575699073325,2,10368071,12
8830.497428593208,2,10368063,12
6709.098377168017,2,10368054,12
2798.3076319577676,2,10368047,12
3039.9241966268632,2,10368042,12
7811.293594814938,2,10368036,12
6575.312640830118,2,10368026,12
5251.011506264631,2,10368020,12
450.04510629237876,2,10368010,12
7766.162448478542,2,10368000,12
2653.1090453791553,1,10368088,12
5928.25512819926,1,10368084,12
8521.396333117276,1,10368078,12
4787.418384838932,1,10368075,12
2129.3688004490095,1,10368066,12
1951.500172241936,1,10368065,12
9651.861402250248,1,10368061,12
7376.512422558604,1,10368052,12
1613.7585180503593,1,10368046,12
5121.25953424037,1,10368040,12
909.2400318387661,1,10368030,12
8323.583900127802,1,10368028,12
7988.19664274894,1,10368021,12
9672.85641155537,1,10368014,12
706.0376389203749,1,10368010,12
1813.4147515398836,1,10368000,12
8930.009247160273,0,10368104,12
6161.7131864094,0,10368101,12
6861.438359715869,0,10368096,12
4661.8001802374465,0,10368091,12
135.10567396741237,0,10368083,12
6148.507005697271,0,10368078,12
3342.42850775705,0,10368074,12
1283.6454534307286,0,10368065,12
8135.468807991093,0,10368063,12
9097.327170748245,0,10368062,12
1308.1008416986758,0,10368058,12
4672.330550607206,0,10368050,12
6243.515640972666,0,10368041,12
8613.859284989858,0,10368034,12
2727.061271081752,0,10368025,12
7027.2599580370215,0,10368017,12
9213.942904856503,0,10368012,12
7086.726465156056,0,10368004,12
1933.998709053552,0,10368000,12
3729.9616805439314,5,11232143,13
278.95550666387084,5,11232142,13
815.233049415866,5,11232132,13
4130.973483615942,5,11232122,13
2913.292905879817,5,11232121,13
3067.871915032058,5,11232118,13
4589.494084894293,5,11232114,13
6142.341617296124,5,11232105,13
4831.524679106863,5,11232100,13
3586.5710547237204,5,11232098,13
4210.749019592894,5,11232088,13
7648.116168971152,5,11232085,13
6618.1578084557395,5,11232076,13
1239.5505366919306,5,11232067,13
3476.967238480856,5,11232057,13
3295.3287736144766,5,11232056,13
5379.542007257948,5,11232051,13
7361.362377784737,5,11232043,13
9155.087177569067,5,11232037,13
9949.920757074173,5,11232033,13
6150.171996994188,5,11232026,13
159.94915847944569,5,11232016,13
2144.01400076207,5,11232010,13
1172.0460131153347,5,11232000,13
8559.655472659288,4,11232101,13
5206.745459797528,4,11232093,13
7231.445489181241,4,11232089,13
1266.2140454297828,4,11232085,13
5450.100464226576,4,11232076,13
2559.470053292141,4,11232072,13
8298.703337692847,4,11232065,13
9329.796864754153,4,11232057,13
8312.65644494835,4,11232050,13
481.8702038106285,4,11232040,13
2782.6112833825077,4,11232035,13
8991.346421346789,4,11232032,13
4097.504620165877,4,11232027,13
9222.085847854809,4,11232018,13
8951.133920635846,4,11232010,13
9766.872726521367,4,11232000,13
3749.9058194532604,3,11232139,13
6702.970051754435,3,11232132,13
7272.706710550776,3,11232124,13
6281.3016070599115,3,11232121,13
785.1138547953047,3,11232115,13
615.4084688641642,3,11232114,13
8770.178656591379,3,11232107,13
3641.263437381767,3,11232106,13
5815.4815202910495,3,11232098,13
2675.751535427511,3,11232090,13
672.1449239454065,3,11232085,13
5289.138869961208,3,11232082,13
6462.862538932876,3,11232072,13
7403.017159808407,3,11232062,13
9440.329487437186,3,11232052,13
6536.046571360312,3,11232043,13
6763.079399460137,3,11232036,13
3751.676503145754,3,11232033,13
1699.7042853783562,3,11232026,13
7971.108204182801,3,11232021,13
7964.379596250292,3,11232015,13
7051.819813297134,3,11232006,13
9713.365392888189,3,11232000,13
8363.144190018134,2,11232118,13
455.309701590616,2,11232112,13
1989.6827281704511,2,11232108,13
9735.763328985431,2,11232105,13
119.90233228952223,2,11232103,13
2085.3269281882617,2,11232096,13
2970.4598037452038,2,11232087,13
6675.655364664424,2,11232077,13
7899.780321981682,2,11232072,13
9640.725462713983,2,11232066,13
6303.654678035878,2,11232065,13
133.62960892476758,2,11232063,13
9602.969628982284,2,11232056,13
8372.281589675376,2,11232047,13
639.5249304924455,2,11232041,13
6298.0902149394515,2,11232032,13
9389.253707000838,2,11232031,13
4477.773675506177,2,11232029,13
144.13474427552512,2,11232019,13
2813.5765654752236,2,11232016,13
821.7739724207852,2,11232014,13
6125.415888639535,2,11232010,13
8323.48178569903,2,11232000,13
1976.9017024147445,1,11232154,13
5681.943289328158,1,11232146,13
9139.73710879602,1,11232137,13
3598.803537431368,1,11232135,13
1433.417658985448,1,11232128,13
4352.308473474803,1,11232125,13
2734.427511920363,1,11232115,13
1853.026130292871,1,11232106,13
6066.189693449802,1,11232098,13
557.1567543763446,1,11232090,13
4221.109770079108,1,11232088,13
6993.578180894418,1,11232079,13
1086.8989460154444,1,11232072,13
9859.461326223787,1,11232066,13
5366.77026406406,1,11232062,13
6507.104197656441,1,11232054,13
7830.324711770108,1,11232046,13
4483.046255898826,1,11232037,13
5893.386673546095,1,11232035,13
3162.508223195067,1,11232034,13
1437.5254980737939,1,11232024,13
4413.049440827838,1,11232022,13
9643.327937862246,1,11232012,13
5501.469833465093,1,11232009,13
9207.55421202458,1,11232000,13
2265.3756061192666,0,11232145,13
8452.663672565624,0,11232144,13
1807.1728618750005,0,11232135,13
4101.156456269889,0,11232128,13
9285.788043747007,0,11232120,13
3620.9858584235894,0,11232114,13
7141.492845457958,0,11232105,13
1727.0307386116042,0,11232099,13
1911.9384881548522,0,11232090,13
891.6325669827186,0,11232081,13
4208.511127254038,0,11232074,13
3586.474002143075,0,11232064,13
7713.113360841437,0,11232061,13
3070.240868969434,0,11232056,13
3517.3560640520377,0,11232052,13
4796.340519628728,0,11232049,13
2995.205874368911,0,11232048,13
1975.2303937974527,0,11232042,13
5483.94564862322,0,11232035,13
7086.260052723892,0,11232025,13
4111.724114096449,0,11232020,13
8869.974866495546,0,11232015,13
1586.3614218312712,0,11232007,13
7739.98257945727,0,11232000,13
8024.647938865329,5,12096106,14
1048.3313033351185,5,12096101,14
3997.505431295877,5,12096099,14
4916.228231596949,5,12096098,14
876.8273344959147,5,12096096,14
5634.5445066682405,5,12096092,14
1894.5143964039507,5,12096083,14
8165.9477709367375,5,12096081,14
5794.412598920345,5,12096071,14
4097.743008746741,5,12096061,14
1966.2889267272888,5,12096051,14
935.5740342130003,5,12096049,14
2977.510754289062,5,12096046,14
1569.693970650278,5,12096037,14
2023.2144293749523,5,12096031,14
9674.060007163342,5,12096021,14
7072.353498094706,5,12096019,14
560.1982958686334,5,12096015,14
4409.260159995938,5,12096012,14
6726.625260884612,5,12096010,14
7916.7468459615275,5,12096000,14
2871.1621637616636,4,12096129,14
4707.509226619453,4,12096128,14
7435.207553652107,4,12096126,14
8074.880200790036,4,12096125,14
2303.8173867277915,4,12096122,14
4701.279682072871,4,12096115,14
4955.34762746215,4,12096112,14
3304.6860907041378,4,12096106,14
7199.678060928094,4,12096100,14
7460.031400589454,4,12096094,14
4545.34481400809,4,12096090,14
2996.054770096553,4,12096081,14
5900.61093151877,4,12096075,14
2159.6686668553702,4,12096066,14
1732.537768196384,4,12096064,14
4892.700093030302,4,12096062,14
9402.503563537506,4,12096057,14
9763.540198896922,4,12096056,14
9110.905873530673,4,12096051,14
4997.949342405288,4,12096043,14
6614.147061659266,4,12096033,14
8651.43121422548,4,12096032,14
3577.070190845486,4,12096027,14
8193.533677861804,4,12096019,14
8317.510303019511,4,12096010,14
8390.327551374656,4,12096000,14
1187.4931544077513,3,12096124,14
6102.829558997065,3,12096117,14
6957.705297226355,3,12096116,14
8414.24267162829,3,12096113,14
3738.4092347302685,3,12096109,14
9701.677233997187,3,12096102,14
7351.381878844347,3,12096094,14
7710.474483794652,3,12096089,14
5817.342706893116,3,12096087,14
5796.385686091417,3,12096079,14
7061.600407596252,3,12096077,14
4492.522382285305,3,12096073,14
1287.5224485054762,3,12096064,14
4753.009271459851,3,12096056,14
8554.285500916683,3,12096049,14
861.4902843780891,3,12096040,14
6408.242566746564,3,12096034,14
96.34041292448794,3,12096024,14
9957.004007476235,3,12096016,14
6590.86478588594,3,12096006,14
546.5810136390384,3,12096000,14
4649.985261711155,2,12096065,14
9298.508170345354,2,12096060,14
375.9525173546813,2,12096058,14
3288.389078254717,2,12096053,14
4368.99234708393,2,12096050,14
6746.492393882247,2,12096040,14
1096.1372042680887,2,12096035,14
1240.2663961055107,2,12096033,14
9884.420837265237,2,12096031,14
9672.815963302404,2,12096027,14
3087.82622080787,2,12096019,14
9968.881443956752,2,12096018,14
6421.164460139615,2,12096009,14
5060.369149206717,2,12096007,14
3572.501257045567,2,12096000,14
8721.928903490085,1,12096092,14
3509.025741088184,1,12096088,14
9205.536667504317,1,12096079,14
4283.10858456553,1,12096077,14
9027.949682903673,1,12096068,14
9775.030846497752,1,12096059,14
6961.471152694312,1,12096052,14
7737.869095461344,1,12096049,14
7714.050780649462,1,12096046,14
242.91750294093146,1,12096042,14
5999.797331182435,1,12096041,14
458.55605472617697,1,12096037,14
511.2588495061891,1,12096027,14
1639.7034381528752,1,12096020,14
2640.1937681856552,1,12096015,14
7755.524893825145,1,12096014,14
6841.9372416458755,1,12096008,14
1920.4498101483596,1,12096000,14
5170.143202508128,0,12096129,14
3949.914654296634,0,12096119,14
7014.461860544193,0,12096112,14
528.1656680378624,0,12096107,14
6630.221639208253,0,12096101,14
5011.461775564237,0,12096098,14
4621.0313398176495,0,12096095,14
917.2856713826461,0,12096087,14
271.6798290960066,0,12096082,14
2152.3198863995003,0,12096075,14
9218.651865554839,0,12096074,14
8009.84846806101,0,12096070,14
5299.8161701360405,0,12096060,14
8049.445792271779,0,12096057,14
6081.886481789366,0,12096050,14
3012.85957256563,0,12096046,14
7024.946661349519,0,12096045,14
1901.032008632603,0,12096041,14
1632.3865108320786,0,12096037,14
9718.218404912006,0,12096027,14
3070.3256309739336,0,12096018,14
2665.9010708038118,0,12096011,14
651.4816512377273,0,12096004,14
6713.134646833045,0,12096000,14
914.5137531973478,5,12960114,15
9775.916774171523,5,12960111,15
7147.647639020813,5,12960103,15
5392.605530965828,5,12960101,15
9029.581262029418,5,12960092,15
1542.9268677283524,5,12960086,15
7406.8266832779,5,12960078,15
5181.688134635626,5,12960075,15
9175.82229937195,5,12960065,15
6468.603453003522,5,12960063,15
5779.634853384394,5,12960059,15
734.3270447417771,5,12960053,15
2133.3362644497083,5,12960048,15
4457.255079762723,5,12960043,15
8331.789816309432,5,12960039,15
2101.9768955281,5,12960030,15
5309.8925699920965,5,12960028,15
8565.794476151606,5,12960022,15
9173.018420661578,5,12960019,15
4895.334950031576,5,12960010,15
1276.6156258410442,5,12960009,15
8723.515300576666,5,12960002,15
3284.482948718097,5,12960000,15
8106.979958903072,4,12960115,15
4598.226784582114,4,12960114,15
1891.0248999577232,4,12960104,15
1576.4512630512706,4,12960101,15
1979.859223349937,4,12960091,15
3248.368457485575,4,12960088,15
4847.150564906977,4,12960078,15
7846.796767644989,4,12960072,15
5567.42307358286,4,12960066,15
7108.372754101816,4,12960062,15
3669.8405012353105,4,12960061,15
8110.9096603082035,4,12960052,15
930.9387525000379,4,12960042,15
7776.605940852942,4,12960035,15
1971.9549742106315,4,12960031,15
6984.632842710836,4,12960026,15
1905.7583361023005,4,12960021,15
6263.82445299763,4,12960013,15
7581.057269807956,4,12960007,15
3333.1431819698296,4,12960000,15
7615.126802650706,3,12960075,15
841.1824424962163,3,12960070,15
5435.359558493215,3,12960068,15
7625.266299189197,3,12960059,15
2907.673696222672,3,12960049,15
1333.5406647422205,3,12960043,15
8256.247089091137,3,12960041,15
1813.2731336763086,3,12960035,15
3704.0069286562107,3,12960028,15
5137.836794895563,3,12960020,15
1724.9978515707237,3,12960018,15
4806.672204218362,3,12960016,15
3216.52215763527,3,12960013,15
3286.0421566308223,3,12960006,15
7502.236375150668,3,12960000,15
3936.4972771865623,2,12960127,15
5074.077264542302,2,12960126,15
6635.012634055008,2,12960124,15
8451.431433026839,2,12960114,15
5698.158445439173,2,12960110,15
6418.235666943071,2,12960100,15
8764.443843544572,2,12960098,15
5975.737171201707,2,12960089,15
331.0735855238509,2,12960082,15
849.20095913539,2,12960080,15
364.43580139070644,2,12960078,15
3664.0826537623147,2,12960070,15
9406.97082783913,2,12960065,15
4541.816851737405,2,12960058,15
5315.406193678981,2,12960049,15
998.4255455719044,2,12960046,15
437.72281624513647,2,12960040,15
4110.726825130344,2,12960039,15
2804.1829283021057,2,12960034,15
4533.83451376407,2,12960028,15
7220.786005627912,2,12960022,15
6348.091666847143,2,12960014,15
4481.216705086299,2,12960012,15
2581.927797001853,2,12960003,15
464.50901267846,2,12960000,15
7844.535419250843,1,12960118,15
9013.05386129231,1,12960111,15
8526.564291701088,1,12960102,15
3907.072300245224,1,12960097,15
3187.518803112755,1,12960094,15
3801.777971234294,1,12960086,15
6131.898660433465,1,12960082,15
6443.012969765712,1,12960074,15
1622.4665417895937,1,12960066,15
6192.105974896133,1,12960064,15
806.4719628856208,1,12960063,15
8621.140299189694,1,12960059,15
3388.6789479530757,1,12960051,15
1906.2500774400544,1,12960043,15
5174.183317814893,1,12960037,15
9982.392200921764,1,12960035,15
9159.424362837992,1,12960030,15
7113.260385905217,1,12960028,15
3508.903794769999,1,12960026,15
2914.330609984231,1,12960025,15
7218.218837031999,1,12960019,15
9150.260918415568,1,12960018,15
8763.024109810753,1,12960017,15
1980.0113747728396,1,12960011,15
706.8553960504792,1,12960007,15
8564.653550765777,1,12960000,15
1831.3519564144979,0,12960092,15
8503.451080192792,0,12960091,15
5537.779591847207,0,12960083,15
1622.3405270457808,0,12960073,15
6954.864955217108,0,12960064,15
7533.162388629604,0,12960062,15
9727.286916276515,0,12960059,15
6207.472823992728,0,12960050,15
6640.752501230688,0,12960049,15
3619.891014511669,0,12960045,15
9787.899429553285,0,12960038,15
593.6182511460041,0,12960037,15
4404.668040372827,0,12960036,15
7240.849221813452,0,12960034,15
1324.501785680843,0,12960033,15
8965.601356315516,0,12960030,15
5963.094638553298,0,12960025,15
1841.5155333623752,0,12960020,15
9694.594164892806,0,12960010,15
2229.032095006012,0,12960000,15
7149.508393779385,5,13824079,16
4880.777916890975,5,13824070,16
5038.486902434264,5,13824061,16
8714.112408414183,5,13824058,16
1098.0024845480843,5,13824055,16
844.4652995334609,5,13824050,16
8929.389982425238,5,13824049,16
6776.422631267362,5,13824044,16
8975.638230048577,5,13824042,16
4412.009743631088,5,13824034,16
359.26838147999246,5,13824030,16
3203.5927919929486,5,13824028,16
4183.574091020314,5,13824027,16
73.77327567337893,5,13824021,16
1360.1979809973361,5,13824012,16
6728.139583310345,5,13824011,16
184.56608884955438,5,13824010,16
4704.13683833103,5,13824009,16
4012.9393951608017,5,13824007,16
9922.243979193283,5,13824000,16
2929.1202374225777,4,13824132,16
553.8737930975115,4,13824124,16
2522.4157707296818,4,13824116,16
9206.32443925465,4,13824111,16
2815.1776002538427,4,13824103,16
2210.460395986149,4,13824099,16
6011.884787821677,4,13824095,16
9694.048101117867,4,13824085,16
7787.410042306451,4,13824083,16
2744.9171447670283,4,13824079,16
5989.324058343642,4,13824077,16
2970.423352907131,4,13824073,16
9589.665110998945,4,13824064,16
4996.9402008393845,4,13824054,16
4499.100896031105,4,13824047,16
2039.478413949101,4,13824037,16
2641.832919552468,4,13824034,16
1959.4166689815113,4,13824033,16
9284.977594540624,4,13824028,16
731.538003913203,4,13824018,16
8367.473463530916,4,13824010,16
6435.47870951083,4,13824000,16
7206.812869503836,3,13824126,16
6249.751473990163,3,13824119,16
4650.568944296653,3,13824115,16
4168.067065931404,3,13824112,16
268.5314013851611,3,13824108,16
4404.16280003725,3,13824105,16
1303.433333194977,3,13824102,16
164.95650058801766,3,13824097,16
3346.2628926562065,3,13824088,16
309.336751441681,3,13824084,16
7763.54072378538,3,13824080,16
3891.9326929882054,3,13824072,16
9545.544736230167,3,13824070,16
974.5831083715956,3,13824063,16
1155.1147985552914,3,13824058,16
1535.8343542836574,3,13824057,16
6227.14561946546,3,13824049,16
7245.768808671771,3,13824041,16
1092.5729420280734,3,13824038,16
3852.054453909032,3,13824029,16
7682.973094711734,3,13824020,16
6332.631434450076,3,13824019,16
2118.3145387597715,3,13824010,16
1384.9835329470834,3,13824005,16
386.4596896534154,3,13824000,16
2323.824393888593,2,13824088,16
6116.679088847293,2,13824086,16
1004.418704770843,2,13824079,16
1185.272106702218,2,13824078,16
6507.132220195936,2,13824075,16
9864.608862515532,2,13824071,16
2187.5179638668124,2,13824062,16
4773.752935221953,2,13824056,16
4236.431932499732,2,13824054,16
9976.046935047998,2,13824048,16
5837.116081785173,2,13824044,16
3785.7116928824275,2,13824038,16
9546.051081211848,2,13824035,16
1989.049348554078,2,13824028,16
1672.1468621096974,2,13824024,16
962.7040188578026,2,13824022,16
1128.5956867075927,2,13824021,16
9158.030338971832,2,13824020,16
1569.3552445564037,2,13824011,16
9065.868463132552,2,13824001,16
5378.490117262209,2,13824000,16
9075.591854737153,1,13824143,16
5746.441001040055,1,13824133,16
7736.847704630909,1,13824127,16
7234.9790720872115,1,13824124,16
8172.368938456364,1,13824115,16
4882.131253153034,1,13824108,16
9199.049488205957,1,13824098,16
1313.1890047234197,1,13824095,16
8409.02060481449,1,13824087,16
9293.717961456376,1,13824081,16
2235.8502956177545,1,13824079,16
8241.684553027682,1,13824069,16
9652.913475272182,1,13824061,16
395.04598524876616,1,13824054,16
914.9529943793018,1,13824052,16
2019.423022535111,1,13824043,16
402.5496812484015,1,13824036,16
1400.0213667967296,1,13824032,16
9087.317193101599,1,13824028,16
9761.3324702262,1,13824020,16
330.0535551005235,1,13824017,16
6528.434694871217,1,13824009,16
9997.379011804725,1,13824008,16
7118.34603091775,1,13824000,16
4439.434315032277,0,13824126,16
7782.829682486546,0,13824124,16
1620.2170229963622,0,13824119,16
9595.888245062644,0,13824110,16
1138.4016785056597,0,13824101,16
2466.5748232149517,0,13824099,16
9203.627360628723,0,13824097,16
8011.789724034277,0,13824090,16
9528.22903891398,0,13824086,16
5358.936387080404,0,13824083,16
9066.559041109624,0,13824076,16
9809.987506574758,0,13824067,16
639.6049699214968,0,13824060,16
2397.9522772307682,0,13824054,16
530.0592304238746,0,13824049,16
280.4115484378215,0,13824045,16
2334.4537105972795,0,13824041,16
4743.6691568661445,0,13824032,16
2367.703374528149,0,13824025,16
9569.603767806984,0,13824017,16
3937.114648370395,0,13824009,16
6275.2260890890475,0,13824002,16
1606.904322582495,0,13824000,16
5582.3517714353375,5,14688138,17
7770.751749069469,5,14688130,17
8486.393188235379,5,14688129,17
7276.444736614324,5,14688120,17
6241.188030032214,5,14688113,17
6713.196659420568,5,14688104,17
1005.0792140355818,5,14688095,17
1122.7676773064281,5,14688094,17
9834.940273435182,5,14688093,17
6581.102556576239,5,14688091,17
4457.902234435785,5,14688081,17
9690.486457705028,5,14688078,17
6223.097805316093,5,14688076,17
5252.534991177765,5,14688066,17
92.21325446213994,5,14688062,17
2115.5702997628177,5,14688053,17
1640.0239589239352,5,14688047,17
5161.00218736447,5,14688040,17
9001.241711275854,5,14688034,17
3050.8628978007896,5,14688033,17
4101.841251968441,5,14688024,17
4263.392977167183,5,14688021,17
7246.748422163672,5,14688011,17
8720.167517376793,5,14688002,17
3052.853718344567,5,14688000,17
5720.239688333516,4,14688129,17
5516.206318663555,4,14688122,17
4383.755521232263,4,14688119,17
7286.578546276113,4,14688113,17
5120.2750085269545,4,14688109,17
9047.721164877927,4,14688107,17
248.39793094330665,4,14688105,17
1053.2291280995303,4,14688104,17
4697.974850501356,4,14688100,17
7888.198287815153,4,14688090,17
2589.1998882233993,4,14688082,17
240.85813476403717,4,14688074,17
7334.855714287376,4,14688064,17
3605.3794392202144,4,14688056,17
8265.54072692277,4,14688051,17
2772.938951421359,4,14688045,17
3071.416354144222,4,14688035,17
7776.085573194647,4,14688026,17
9564.982980030934,4,14688016,17
5930.408207572917,4,14688008,17
2840.202983579042,4,14688000,17
4794.226636186806,3,14688120,17
8469.033506494314,3,14688118,17
2926.6970282422994,3,14688110,17
5369.620523363105,3,14688100,17
1125.7198629208144,3,14688097,17
6830.739415425793,3,14688096,17
7520.129298321315,3,14688088,17
8331.333826637469,3,14688084,17
8342.671037544094,3,14688081,17
39.07879124396318,3,14688078,17
590.9365311970265,3,14688075,17
8951.95866338402,3,14688067,17
3474.757251033573,3,14688063,17
2700.24010820027,3,14688055,17
9910.73874990135,3,14688046,17
3181.304194782328,3,14688036,17
9464.189301506452,3,14688027,17
8791.727442798541,3,14688024,17
8576.542703173285,3,14688017,17
3721.088428693421,3,14688012,17
4223.780024200934,3,14688006,17
8230.253277784195,3,14688005,17
7074.5220236908535,3,14688000,17
887.4841518788653,2,14688089,17
769.0756958786086,2,14688088,17
7999.2544199977865,2,14688083,17
597.9161127301278,2,14688079,17
6259.219411311564,2,14688076,17
1942.4641226418407,2,14688069,17
9035.315227002502,2,14688067,17
4804.312552849286,2,14688066,17
4387.884076250834,2,14688060,17
6046.001417339164,2,14688059,17
5978.496870529516,2,14688049,17
9345.518453248686,2,14688045,17
7786.515171399734,2,14688037,17
9566.406882513822,2,14688035,17
7374.025985709123,2,14688034,17
3297.0285344140198,2,14688028,17
3816.3019401124448,2,14688024,17
8907.633677896414,2,14688020,17
8704.632591876361,2,14688016,17
9030.697336591818,2,14688008,17
4272.213843309277,2,14688003,17
5082.097304231495,2,14688002,17
3688.2491119566425,2,14688000,17
222.21745310256995,1,14688107,17
4231.316381241148,1,14688106,17
7550.666212570869,1,14688105,17
8516.082261359195,1,14688095,17
8320.775578683535,1,14688091,17
411.8001704374107,1,14688082,17
537.4077997618725,1,14688074,17
2082.6151455267263,1,14688065,17
6591.542466934812,1,14688057,17
2765.7808360855956,1,14688053,17
3460.7084798400383,1,14688049,17
4522.7316927034735,1,14688039,17
7156.62421712549,1,14688031,17
7713.422356283762,1,14688021,17
7294.854091165026,1,14688014,17
3106.232732226791,1,14688005,17
8813.80055453141,1,14688004,17
4447.554974881571,1,14688000,17
451.74983705068325,0,14688100,17
1689.5802398814396,0,14688093,17
5144.625883384517,0,14688087,17
6725.419226258367,0,14688085,17
8683.954524843175,0,14688081,17
4382.205130949361,0,14688077,17
4127.412090196887,0,14688070,17
6620.682988106331,0,14688062,17
7797.852045760826,0,14688055,17
6000.197276284469,0,14688050,17
147.84966213072528,0,14688042,17
2816.019587762423,0,14688041,17
1653.2428071749418,0,14688032,17
7186.065474155563,0,14688026,17
6649.771837895935,0,14688021,17
6745.353630975286,0,14688014,17
9812.558032207618,0,14688010,17
4802.1447688882745,0,14688000,17
1348.726361672022,5,15552163,18
959.5970182608144,5,15552153,18
124.17605317086984,5,15552143,18
6397.911795877973,5,15552141,18
4159.474808008798,5,15552135,18
4100.470994039186,5,15552128,18
7080.9893743615785,5,15552123,18
2400.881782657695,5,15552120,18
3904.876601881319,5,15552114,18
7515.647409382532,5,15552111,18
1169.0912845966295,5,15552101,18
9011.606255557777,5,15552091,18
7402.031373342802,5,15552088,18
8499.85392253379,5,15552082,18
6721.059656318199,5,15552073,18
78.39576826488717,5,15552064,18
395.3483109322605,5,15552054,18
9773.563049887747,5,15552047,18
7324.701568385461,5,15552041,18
4952.203224733518,5,15552033,18
9575.924569752644,5,15552025,18
7588.177620000138,5,15552017,18
6383.339581502369,5,15552015,18
3937.5754092958364,5,15552013,18
2991.6509804497236,5,15552003,18
1037.0708336825578,5,15552000,18
8229.270042087606,4,15552128,18
2779.7648672925948,4,15552125,18
1245.028535660507,4,15552122,18
4644.104979275999,4,15552118,18
2526.873993763016,4,15552115,18
5371.010868721423,4,15552112,18
5723.649418106046,4,15552105,18
263.9485630553565,4,15552100,18
3529.768917951388,4,15552099,18
2479.192487515279,4,15552095,18
6405.0163737141165,4,15552087,18
4202.3231358318735,4,15552082,18
8096.29177007116,4,15552072,18
1777.1886296347393,4,15552068,18
5885.266816786939,4,15552062,18
846.451268554015,4,15552059,18
6269.002315118467,4,15552057,18
4228.806256302115,4,15552055,18
200.7120872933691,4,15552051,18
7093.133284896243,4,15552043,18
8377.451607176616,4,15552039,18
9320.685538610056,4,15552035,18
1049.4789035543786,4,15552027,18
7679.321230963795,4,15552018,18
891.1622799334152,4,15552008,18
4834.261449961207,4,15552000,18
7703.472949809827,3,15552110,18
8843.747862934726,3,15552102,18
5319.41360457308,3,15552092,18
9747.72847212695,3,15552082,18
3153.63265808054,3,15552080,18
1667.198102385296,3,15552075,18
5386.963626716698,3,15552067,18
3293.748645046713,3,15552062,18
6274.8326259368905,3,15552058,18
7474.136016211366,3,15552048,18
375.8360533585179,3,15552043,18
6613.626572669878,3,15552041,18
1831.4855569629365,3,15552040,18
3149.340768133964,3,15552032,18
8808.857628600033,3,15552027,18
5274.56267244006,3,15552019,18
9527.799305359273,3,15552014,18
9998.363338485315,3,15552005,18
7396.178417065595,3,15552000,18
3558.913091538108,2,15552097,18
2757.4212185747406,2,15552096,18
3605.908160064424,2,15552087,18
5833.909892330106,2,15552079,18
2000.9701821072777,2,15552078,18
6128.3081056192905,2,15552070,18
696.0227292178649,2,15552068,18
8781.54755565395,2,15552062,18
1615.8854690966316,2,15552054,18
7840.518763538885,2,15552045,18
5289.959524747678,2,15552044,18
3183.954505363223,2,15552042,18
3211.884964458119,2,15552035,18
6408.319185705459,2,15552031,18
4715.857956182478,2,15552029,18
7884.485040707522,2,15552025,18
5038.335555079728,2,15552023,18
6104.102760222547,2,15552020,18
1021.2177964240375,2,15552013,18
1619.1175231242125,2,15552006,18
1641.869526418566,2,15552000,18
7025.731565351619,1,15552074,18
4033.5049838070167,1,15552073,18
8218.108459624706,1,15552071,18
7269.466893403576,1,15552065,18
7943.8036903452285,1,15552060,18
1351.9683747303438,1,15552055,18
2432.1569020107904,1,15552051,18
5798.630450751016,1,15552041,18
2798.6725242405346,1,15552039,18
420.8432445772031,1,15552034,18
2391.9034683642753,1,15552025,18
9033.475816112355,1,15552020,18
3453.9233065450467,1,15552014,18
1280.139270413246,1,15552008,18
2228.256626603795,1,15552004,18
6262.374933672422,1,15552001,18
455.8773407990025,1,15552000,18
9336.541624694113,0,15552103,18
2399.6683339577016,0,15552095,18
995.6336559522897,0,15552094,18
9519.936852610708,0,15552090,18
257.40614220263336,0,15552084,18
4605.444544900064,0,15552078,18
6848.594841159164,0,15552075,18
9903.722862541446,0,15552069,18
1419.0380054296802,0,15552059,18
3475.1896479798816,0,15552057,18
6436.062169760948,0,15552056,18
8192.810782178838,0,15552051,18
6813.6594153424285,0,15552043,18
3679.119138404182,0,15552041,18
8507.646170138358,0,15552033,18
469.2056407228007,0,15552030,18
1048.6306926070822,0,15552026,18
3238.016304251834,0,15552024,18
47.5188814697517,0,15552022,18
1923.5055626255441,0,15552017,18
5084.019469158131,0,15552013,18
5216.52261660894,0,15552004,18
9443.16674509128,0,15552001,18
4730.967062447827,0,15552000,18
9318.859285808225,5,16416125,19
3220.0407937959094,5,16416121,19
3385.1582774026106,5,16416113,19
8844.922002426512,5,16416109,19
3669.3841927172775,5,16416105,19
6858.925499531762,5,16416095,19
9644.860463544455,5,16416088,19
8210.989623890006,5,16416079,19
6765.517694523636,5,16416072,19
2751.567487600057,5,16416064,19
2894.422816949145,5,16416057,19
4272.655837056662,5,16416056,19
9126.11546989769,5,16416054,19
9727.39136784723,5,16416051,19
5686.178667429584,5,16416047,19
4875.689571875781,5,16416038,19
7085.915713266548,5,16416037,19
9768.735084948132,5,16416036,19
3989.764089743098,5,16416029,19
8999.864554722351,5,16416022,19
9205.252805025233,5,16416014,19
6534.760940909433,5,16416009,19
5848.147356287718,5,16416000,19
2295.1328071211956,4,16416074,19
278.85762557964637,4,16416067,19
1803.9554029992646,4,16416064,19
44.30459404046216,4,16416058,19
1712.8974416486326,4,16416052,19
3210.2240482971906,4,16416049,19
9557.107565175029,4,16416044,19
4750.288420870494,4,16416039,19
907.9948300014734,4,16416030,19
5257.172861522811,4,16416029,19
4274.567010073911,4,16416020,19
6732.639678202595,4,16416014,19
3553.7375531795087,4,16416007,19
9854.397183333964,4,16416003,19
2498.4713051695508,4,16416000,19
9652.626518712683,3,16416104,19
1463.4717748601333,3,16416098,19
8942.30832689491,3,16416093,19
4980.729614325249,3,16416091,19
2685.4922995315965,3,16416085,19
9127.926985805942,3,16416080,19
6141.806584548862,3,16416073,19
7008.999741307377,3,16416068,19
7354.143727517699,3,16416064,19
81.44300843471864,3,16416057,19
8470.347128401248,3,16416051,19
640.3670269631504,3,16416045,19
7769.751430929056,3,16416040,19
7475.494420244008,3,16416032,19
1740.0837652758808,3,16416029,19
1060.9345139600132,3,16416025,19
1743.0960083995967,3,16416019,19
986.225515747431,3,16416015,19
5223.962538127096,3,16416010,19
5197.144381783833,3,16416000,19
2900.2127608710634,2,16416067,19
2645.295758720085,2,16416063,19
8804.37983223871,2,16416058,19
8178.310337800537,2,16416052,19
1284.8940246840714,2,16416046,19
8142.991825267904,2,16416045,19
4500.18423895957,2,16416042,19
9333.752871550683,2,16416038,19
7686.300920515836,2,16416035,19
9888.043818807182,2,16416032,19
5948.083773967316,2,16416026,19
5712.1219649132545,2,16416024,19
8432.57818459117,2,16416019,19
4609.069016834686,2,16416016,19
6975.752213170448,2,16416007,19
416.5372723115712,2,16416000,19
2907.580070883966,1,16416096,19
9172.354066037064,1,16416089,19
9292.825780216055,1,16416084,19
1315.8360328008735,1,16416078,19
5802.685946892588,1,16416073,19
3077.6023895057647,1,16416068,19
2680.6669057023396,1,16416060,19
8056.641638217516,1,16416057,19
8552.308118686558,1,16416053,19
6837.169273242134,1,16416051,19
6549.665361580859,1,16416047,19
9577.265821637622,1,16416046,19
1685.0215489113687,1,16416044,19
1890.8233471235949,1,16416042,19
3071.7124386155815,1,16416040,19
8332.185847776647,1,16416031,19
4965.61747343681,1,16416030,19
8097.73832882088,1,16416029,19
385.6225900261045,1,16416023,19
2691.123382803967,1,16416019,19
3938.8240135541746,1,16416012,19
3595.636197773129,1,16416002,19
9089.011002814526,1,16416001,19
4695.492823071093,1,16416000,19
7034.021678581167,0,16416085,19
9044.55044587941,0,16416083,19
7061.7377849455115,0,16416074,19
9372.07905617685,0,16416067,19
4516.502589589702,0,16416063,19
1731.2944099143006,0,16416060,19
8353.67615934583,0,16416058,19
1018.7716288396216,0,16416053,19
6300.785835643487,0,16416046,19
801.4953377878314,0,16416038,19
3642.956454732871,0,16416029,19
2029.4238765771076,0,16416026,19
7707.776719702947,0,16416020,19
3597.8988293229586,0,16416018,19
6919.031569532113,0,16416013,19
4382.547487382557,0,16416010,19
990.6376459420055,0,16416002,19
730.4220094867444,0,16416000,19
6890.547623754922,5,17280074,20
3013.8132282532883,5,17280064,20
2424.258445599228,5,17280060,20
491.763422642291,5,17280054,20
9388.130727115067,5,17280052,20
6112.225338356549,5,17280044,20
5113.388777961995,5,17280035,20
8897.354375693736,5,17280032,20
6595.669756048671,5,17280031,20
3225.7034615680363,5,17280024,20
6528.775342714516,5,17280014,20
8520.420959615618,5,17280008,20
4886.492683751301,5,17280006,20
8849.117862309255,5,17280005,20
4544.437154211073,5,17280000,20
4230.0722123880905,4,17280084,20
8161.390135196414,4,17280081,20
8476.309536321201,4,17280074,20
4666.690738287387,4,17280073,20
5747.5410262563155,4,17280063,20
2523.55778840151,4,17280058,20
3882.00067461614,4,17280052,20
743.0811718894744,4,17280044,20
1856.552912763908,4,17280042,20
9799.212287572527,4,17280034,20
1428.2168021102184,4,17280030,20
3214.3445933332364,4,17280022,20
4457.167676298143,4,17280016,20
9363.718694904592,4,17280007,20
2004.53046015406,4,17280004,20
3541.6800744573798,4,17280000,20
2524.5428855176965,3,17280073,20
8748.914822844248,3,17280070,20
9607.762475740949,3,17280069,20
2970.064358074557,3,17280062,20
8666.89751641251,3,17280057,20
8475.715946219021,3,17280055,20
2001.5066423770998,3,17280047,20
6399.229490495363,3,17280045,20
2788.1984274459355,3,17280038,20
6724.528679113866,3,17280036,20
5042.384444604069,3,17280028,20
8294.881152433054,3,17280018,20
3541.9285754760067,3,17280009,20
5256.775735146513,3,17280004,20
8316.106797159247,3,17280003,20
8582.590043178177,3,17280000,20
5894.025502645556,2,17280115,20
129.634068152092,2,17280111,20
6639.90467127917,2,17280106,20
7263.673331548192,2,17280099,20
7523.438484952498,2,17280094,20
5130.249046114686,2,17280089,20
2215.9602791948605,2,17280087,20
697.6328672649433,2,17280083,20
9369.446816798376,2,17280080,20
795.5283606610974,2,17280071,20
3205.9136690683126,2,17280069,20
6720.216944524203,2,17280060,20
371.4980442175864,2,17280051,20
3282.8975119520364,2,17280049,20
3009.3363303582546,2,17280039,20
6468.273019437138,2,17280030,20
9930.530972768462,2,17280027,20
2978.662730467092,2,17280018,20
1276.7427683471583,2,17280017,20
4480.25867848727,2,17280008,20
1188.7767797908007,2,17280000,20
3118.3728031813343,1,17280084,20
8566.226929813382,1,17280080,20
4958.068822104992,1,17280074,20
425.6421505092846,1,17280071,20
335.6272985284688,1,17280062,20
2260.2888581097945,1,17280056,20
4860.88466001809,1,17280047,20
4884.031010919999,1,17280041,20
52.7648201530033,1,17280037,20
7938.869237519977,1,17280027,20
9754.69329442036,1,17280023,20
408.87948768144076,1,17280021,20
6431.736494523166,1,17280020,20
9435.599184092778,1,17280019,20
1482.794886093221,1,17280010,20
2490.3242378093087,1,17280000,20
9592.273289387636,0,17280120,20
5807.71662222638,0,17280117,20
7958.903857002484,0,17280109,20
9620.088599093518,0,17280104,20
5878.559305220157,0,17280097,20
4736.327069269783,0,17280087,20
964.3750651678928,0,17280083,20
9396.053008416322,0,17280079,20
4912.387050026867,0,17280074,20
9897.395228606812,0,17280066,20
1193.0445071702054,0,17280059,20
7303.801195424435,0,17280058,20
2762.6693824941767,0,17280054,20
3884.391201650866,0,17280052,20
2904.3454630228134,0,17280043,20
2353.232074062593,0,17280042,20
9638.978757127912,0,17280035,20
6808.615552808605,0,17280030,20
8650.160117841018,0,17280024,20
1519.578440036703,0,17280022,20
9962.91438092193,0,17280016,20
8354.635461505455,0,17280006,20
3700.538544280292,0,17280000,20
